k,yx,yy,Sx,Sy,NIS,q,r
0,0.558386,-0.987321,29.004000,29.004000,0.044359,1.000000,4.000000
1,0.882933,2.354591,7.453455,7.453455,0.848421,1.000000,4.000000
2,0.876757,-2.991154,5.862227,5.862227,1.657340,1.000000,4.000000
3,-2.453951,0.907084,5.283440,5.283440,1.295497,1.000000,4.000000
4,-2.787921,12.031163,4.988342,4.988342,30.575567,1.000000,4.000000
5,-2.860191,-1.272465,4.813035,4.813035,2.036108,1.000000,4.000000
6,54.854364,65.320031,4.699955,4.699955,1548.037775,1.000000,4.000000
7,0.000000,0.000000,4.623583,4.623583,0.000000,1.000000,4.000000
8,-9.567412,-10.823364,4.659219,4.659219,44.788745,1.000000,4.000000
9,-29.477990,27.826507,4.603675,4.603675,356.946629,1.000000,4.000000
10,0.000000,0.000000,4.564303,4.564303,0.000000,1.000000,4.000000
11,1.244061,-15.542461,4.611502,4.611502,52.719438,1.000000,4.000000
12,-3.864520,-9.596683,4.578134,4.578134,23.378702,1.000000,4.000000
13,-4.597832,-11.377406,4.553358,4.553358,33.071289,1.000000,4.000000
14,-3.141434,-9.189751,4.534762,4.534762,20.799355,1.000000,4.000000
15,-1.634304,-9.592057,4.520632,4.520632,20.943644,1.000000,4.000000
16,-2.481520,-9.395621,4.509713,4.509713,20.940498,1.000000,4.000000
17,4.905892,-6.314567,4.501069,4.501069,14.205853,1.000000,4.000000
18,-2.277607,-7.001541,4.493997,4.493997,12.062551,1.000000,4.000000
19,2.635451,-8.097429,4.487965,4.487965,16.157423,1.000000,4.000000
20,1.251224,-3.149920,4.482578,4.482578,2.562713,1.000000,4.000000
21,55.162943,-31.025892,4.477541,4.477541,894.588341,1.000000,4.000000
22,-5.631072,2.077428,4.472646,4.472646,8.054445,1.000000,4.000000
23,-4.812005,3.025780,4.467746,4.467746,7.231999,1.000000,4.000000
24,45.153240,45.624833,4.462744,4.462744,923.297455,1.000000,4.000000
25,-8.560635,-7.974012,4.457583,4.457583,30.704831,1.000000,4.000000
26,-7.078531,-2.171695,4.452234,4.452234,12.313337,1.000000,4.000000
27,-12.095042,-5.301015,4.446687,4.446687,39.218135,1.000000,4.000000
28,-9.826402,-5.060246,4.440951,4.440951,27.508585,1.000000,4.000000
29,-6.000450,-3.748719,4.435040,4.435040,11.286997,1.000000,4.000000
30,-6.483038,-5.353947,4.428979,4.428979,15.961813,1.000000,4.000000
31,-5.016645,-2.786471,4.422794,4.422794,7.445780,1.000000,4.000000
32,0.000000,0.000000,4.416513,4.416513,0.000000,1.000000,4.000000
33,-6.961639,1.612282,4.452836,4.452836,11.467718,1.000000,4.000000
34,-5.867315,-1.127381,4.441412,4.441412,8.037168,1.000000,4.000000
35,8.214906,-2.037980,4.430587,4.430587,16.168973,1.000000,4.000000
36,-6.774724,2.651297,4.420306,4.420306,11.973440,1.000000,4.000000
37,-6.043836,-1.073844,4.410520,4.410520,8.543458,1.000000,4.000000
38,-4.149890,2.330961,4.401190,4.401190,5.147464,1.000000,4.000000
39,-7.170026,3.993844,4.392278,4.392278,15.336021,1.000000,4.000000
40,14.274969,59.627234,4.383754,4.383754,857.525806,1.000000,4.000000
41,0.000000,0.000000,4.375589,4.375589,0.000000,1.000000,4.000000
42,-5.560825,-4.363172,4.402275,4.402275,11.348688,1.000000,4.000000
43,0.000000,0.000000,4.390920,4.390920,0.000000,1.000000,4.000000
44,-6.833374,-4.229722,4.417496,4.417496,14.620398,1.000000,4.000000
45,0.000000,0.000000,4.403179,4.403179,0.000000,1.000000,4.000000
46,0.000000,0.000000,4.429409,4.429409,0.000000,1.000000,4.000000
47,-3.630312,-1.460281,4.456729,4.456729,3.435611,1.000000,4.000000
48,-2.917467,-1.213639,4.435433,4.435433,2.251084,1.000000,4.000000
49,-0.483823,1.311622,4.416608,4.416608,0.442520,1.000000,4.000000
50,-2.936918,-6.488992,4.399826,4.399826,11.530569,1.000000,4.000000
51,-1.538593,-0.126111,4.384754,4.384754,0.543514,1.000000,4.000000
52,0.000000,0.000000,4.371127,4.371127,0.000000,1.000000,4.000000
53,-9.364308,-0.238628,4.392009,4.392009,19.978831,1.000000,4.000000
54,-74.651511,53.439339,4.376727,4.376727,1925.779394,1.000000,4.000000
55,4.441087,-5.975484,4.362955,4.362955,12.704614,1.000000,4.000000
56,6.572599,-66.855355,4.350467,4.350467,1037.322519,1.000000,4.000000
57,0.000000,0.000000,4.339081,4.339081,0.000000,1.000000,4.000000
58,3.103609,3.347430,4.356502,4.356502,4.783121,1.000000,4.000000
59,-6.903928,-76.117080,4.343855,4.343855,1344.767147,1.000000,4.000000
60,4.005966,5.409040,4.332355,4.332355,10.457472,1.000000,4.000000
61,2.436494,5.679549,4.321844,4.321844,8.837380,1.000000,4.000000
62,4.694557,4.568066,4.312191,4.312191,9.949951,1.000000,4.000000
63,12.532513,59.860103,4.303289,4.303289,869.171321,1.000000,4.000000
64,2.719938,1.637928,4.295048,4.295048,2.347091,1.000000,4.000000
65,-0.467092,1.520696,4.287392,4.287392,0.590263,1.000000,4.000000
66,2.752328,2.744543,4.280255,4.280255,3.529656,1.000000,4.000000
67,2.205218,5.031844,4.273582,4.273582,7.062564,1.000000,4.000000
68,43.872492,-50.878620,4.267325,4.267325,1057.671742,1.000000,4.000000
69,2.670316,8.268824,4.261444,4.261444,17.717945,1.000000,4.000000
70,-12.629593,-62.935904,4.255903,4.255903,968.169333,1.000000,4.000000
71,-3.166020,8.358973,4.250669,4.250669,18.796125,1.000000,4.000000
72,-4.617648,8.759428,4.245716,4.245716,23.093926,1.000000,4.000000
73,75.785329,51.265811,4.241019,4.241019,1973.959253,1.000000,4.000000
74,-2.740319,9.733262,4.236557,4.236557,24.134156,1.000000,4.000000
75,-4.885205,9.813091,4.232311,4.232311,28.391577,1.000000,4.000000
76,54.852883,26.017860,4.228263,4.228263,871.697840,1.000000,4.000000
77,-4.206105,4.713088,4.224399,4.224399,9.446202,1.000000,4.000000
78,40.030815,-46.729175,4.220704,4.220704,897.026073,1.000000,4.000000
79,-9.926386,8.117937,4.217168,4.217168,38.991581,1.000000,4.000000
80,-7.233716,6.945811,4.213777,4.213777,23.867167,1.000000,4.000000
81,-11.414063,8.116195,4.210523,4.210523,46.586481,1.000000,4.000000
82,-4.932848,6.487266,4.207397,4.207397,15.785914,1.000000,4.000000
83,-9.272301,4.864123,4.204390,4.204390,26.076378,1.000000,4.000000
84,-7.467277,5.977545,4.201494,4.201494,21.775890,1.000000,4.000000
85,-6.389285,-0.337365,4.198703,4.198703,9.749862,1.000000,4.000000
86,-6.191877,5.061713,4.196011,4.196011,15.243115,1.000000,4.000000
87,68.026459,38.756864,4.193411,4.193411,1461.743910,1.000000,4.000000
88,-7.895428,6.355419,4.190899,4.190899,24.512431,1.000000,4.000000
89,20.103869,-15.300659,4.188470,4.188470,152.388768,1.000000,4.000000
90,-6.823667,4.166515,4.186118,4.186118,15.270060,1.000000,4.000000
91,-8.685884,8.079160,4.183841,4.183841,33.633547,1.000000,4.000000
92,-54.721150,-49.806575,4.181633,4.181633,1309.320794,1.000000,4.000000
93,-8.631497,8.772225,4.179492,4.179492,36.237575,1.000000,4.000000
94,-83.868908,29.562753,4.177415,4.177415,1893.024983,1.000000,4.000000
95,-1.871080,9.240594,4.175397,4.175397,21.288877,1.000000,4.000000
96,-5.548472,5.585954,4.173437,4.173437,14.853088,1.000000,4.000000
97,-0.730218,7.224404,4.171531,4.171531,12.639297,1.000000,4.000000
98,-2.125847,4.394004,4.169678,4.169678,5.714229,1.000000,4.000000
99,1.373932,4.433421,4.167875,4.167875,5.168800,1.000000,4.000000
100,-74.729068,-64.102546,4.166119,4.166119,2326.762609,1.000000,4.000000
101,-0.684845,8.047281,4.164409,4.164409,15.663146,1.000000,4.000000
102,-0.317991,7.490573,4.162743,4.162743,13.503068,1.000000,4.000000
103,-34.845799,-57.568324,4.161118,4.161118,1088.251056,1.000000,4.000000
104,73.756902,2.335469,4.159534,4.159534,1309.169353,1.000000,4.000000
105,2.749442,8.811146,4.157989,4.157989,20.489646,1.000000,4.000000
106,-0.607517,9.862610,4.156481,4.156481,23.491064,1.000000,4.000000
107,0.254216,9.498415,4.155009,4.155009,21.729079,1.000000,4.000000
108,66.307533,-36.611340,4.153571,4.153571,1381.240152,1.000000,4.000000
109,-7.708117,-19.603260,4.152167,4.152167,106.860563,1.000000,4.000000
110,0.671145,10.472904,4.150794,4.150794,26.532794,1.000000,4.000000
111,-6.058753,11.911201,4.149452,4.149452,43.038257,1.000000,4.000000
112,-2.510631,11.726171,4.148141,4.148141,34.667664,1.000000,4.000000
113,1.185839,13.184544,4.146858,4.146858,42.258124,1.000000,4.000000
114,-3.836796,11.290280,4.145603,4.145603,34.299335,1.000000,4.000000
115,-1.731452,12.286807,4.144375,4.144375,37.150009,1.000000,4.000000
116,-3.297808,12.532149,4.143173,4.143173,40.531810,1.000000,4.000000
117,-1.676705,10.106422,4.141996,4.141996,25.338290,1.000000,4.000000
118,58.600203,8.812528,4.140844,4.140844,848.050412,1.000000,4.000000
119,-1.965607,9.423424,4.139716,4.139716,22.384275,1.000000,4.000000
120,-1.348320,12.194814,4.138610,4.138610,36.372466,1.000000,4.000000
121,-0.704248,7.585787,4.137527,4.137527,14.027732,1.000000,4.000000
122,0.243483,11.246018,4.136466,4.136466,30.589443,1.000000,4.000000
123,0.000000,0.000000,4.135426,4.135426,0.000000,1.000000,4.000000
124,-5.954386,7.103610,4.138957,4.138957,20.757888,1.000000,4.000000
125,-2.170598,7.748730,4.137770,4.137770,15.649566,1.000000,4.000000
126,-4.860571,7.273987,4.136612,4.136612,18.502109,1.000000,4.000000
127,-7.680113,11.804677,4.135480,4.135480,47.959248,1.000000,4.000000
128,-3.587988,10.209219,4.134375,4.134375,28.323944,1.000000,4.000000
129,1.280783,6.136408,4.133295,4.133295,9.507165,1.000000,4.000000
130,0.000000,0.000000,4.132238,4.132238,0.000000,1.000000,4.000000
131,26.016365,-40.806407,4.135543,4.135543,566.313549,1.000000,4.000000
132,-3.137199,13.468643,4.134358,4.134358,46.257813,1.000000,4.000000
133,2.224398,6.450370,4.133203,4.133203,11.263714,1.000000,4.000000
134,-5.757645,10.796985,4.132076,4.132076,36.234897,1.000000,4.000000
135,-2.034407,8.401654,4.130978,4.130978,18.089327,1.000000,4.000000
136,-1.135582,7.988374,4.129906,4.129906,15.763958,1.000000,4.000000
137,-0.811933,72.691463,4.128860,4.128860,1279.943485,1.000000,4.000000
138,-5.148936,4.286168,4.127840,4.127840,10.873189,1.000000,4.000000
139,0.000000,0.000000,4.126843,4.126843,0.000000,1.000000,4.000000
140,-3.376442,1.752375,4.129861,4.129861,3.504036,1.000000,4.000000
141,-0.584657,5.884634,4.128755,4.128755,8.470045,1.000000,4.000000
142,0.000000,0.000000,4.127677,4.127677,0.000000,1.000000,4.000000
143,-5.372618,8.653905,4.130669,4.130669,25.118233,1.000000,4.000000
144,3.786832,34.331404,4.129485,4.129485,288.894463,1.000000,4.000000
145,17.448001,15.131337,4.128335,4.128335,129.202246,1.000000,4.000000
146,-5.318129,3.301988,4.127216,4.127216,9.494443,1.000000,4.000000
147,-4.336603,5.947264,4.126127,4.126127,13.130005,1.000000,4.000000
148,-3.033100,5.925899,4.125068,4.125068,10.743091,1.000000,4.000000
149,-3.847384,5.009088,4.124037,4.124037,9.673367,1.000000,4.000000
150,-1.701030,0.936396,4.123033,4.123033,0.914458,1.000000,4.000000
151,-0.782087,7.294623,4.122055,4.122055,13.057368,1.000000,4.000000
152,-0.914148,8.028529,4.121102,4.121102,15.843563,1.000000,4.000000
153,-1.920511,-16.293783,4.120174,4.120174,65.331151,1.000000,4.000000
154,63.489831,58.713031,4.119269,4.119269,1815.414036,1.000000,4.000000
155,-2.868350,4.202822,4.118387,4.118387,6.286720,1.000000,4.000000
156,-9.730611,36.163959,4.117526,4.117526,340.621223,1.000000,4.000000
157,-4.367820,2.214799,4.116686,4.116686,5.825847,1.000000,4.000000
158,-4.579082,0.299362,4.115867,4.115867,5.116202,1.000000,4.000000
159,-1.109088,5.752219,4.115068,4.115068,8.339620,1.000000,4.000000
160,35.395268,53.058568,4.114288,4.114288,988.758385,1.000000,4.000000
161,-4.405596,2.841533,4.113526,4.113526,6.681272,1.000000,4.000000
162,45.377610,74.935470,4.112782,4.112782,1866.000061,1.000000,4.000000
163,-6.939592,-3.488129,4.112056,4.112056,14.670272,1.000000,4.000000
164,0.000000,0.000000,4.111346,4.111346,0.000000,1.000000,4.000000
165,-9.632547,-2.831260,4.113733,4.113733,24.503776,1.000000,4.000000
166,0.000000,0.000000,4.112952,4.112952,0.000000,1.000000,4.000000
167,-18.755871,-33.664890,4.115357,4.115357,360.869620,1.000000,4.000000
168,0.000000,0.000000,4.114504,4.114504,0.000000,1.000000,4.000000
169,-2.228767,-2.289884,4.116927,4.116927,2.480241,1.000000,4.000000
170,-10.785817,3.937938,4.116002,4.116002,32.031372,1.000000,4.000000
171,-7.261762,-0.340081,4.115103,4.115103,12.842655,1.000000,4.000000
172,-4.931015,-1.053708,4.114228,4.114228,6.179826,1.000000,4.000000
173,-5.578867,-3.635705,4.113377,4.113377,10.779975,1.000000,4.000000
174,-6.048546,-2.394554,4.112549,4.112549,10.290162,1.000000,4.000000
175,-1.743094,0.611390,4.111744,4.111744,0.829861,1.000000,4.000000
176,-2.208114,-0.511187,4.110959,4.110959,1.249606,1.000000,4.000000
177,-4.364594,-1.398535,4.110196,4.110196,5.110603,1.000000,4.000000
178,-70.856129,-0.933003,4.109452,4.109452,1221.929753,1.000000,4.000000
179,0.027516,-1.005844,4.108727,4.108727,0.246422,1.000000,4.000000
180,-2.638381,2.100550,4.108022,4.108022,2.768575,1.000000,4.000000
181,0.000000,0.000000,4.107334,4.107334,0.000000,1.000000,4.000000
182,-0.632187,3.061851,4.109526,4.109526,2.378520,1.000000,4.000000
183,-3.965403,-62.724699,4.108778,4.108778,961.383664,1.000000,4.000000
184,-2.207394,-0.302589,4.108051,4.108051,1.208395,1.000000,4.000000
185,-2.167843,0.283993,4.107343,4.107343,1.163817,1.000000,4.000000
186,-3.033104,0.702521,4.106653,4.106653,2.360378,1.000000,4.000000
187,0.000000,0.000000,4.105981,4.105981,0.000000,1.000000,4.000000
188,14.941750,54.764541,4.108118,4.108118,784.400837,1.000000,4.000000
189,0.135326,0.261451,4.107390,4.107390,0.021101,1.000000,4.000000
190,0.000000,0.000000,4.106681,4.106681,0.000000,1.000000,4.000000
191,-0.661245,5.634048,4.108819,4.108819,7.831873,1.000000,4.000000
192,-3.389933,-1.637183,4.108055,4.108055,3.449812,1.000000,4.000000
193,-23.886841,49.795049,4.107312,4.107312,742.609233,1.000000,4.000000
194,-83.363809,-53.464607,4.106590,4.106590,2388.353419,1.000000,4.000000
195,1.468061,2.914850,4.105888,4.105888,2.594214,1.000000,4.000000
196,-51.731564,-15.908276,4.105205,4.105205,713.540059,1.000000,4.000000
197,0.000000,0.000000,4.104540,4.104540,0.000000,1.000000,4.000000
198,-0.882657,1.653031,4.106608,4.106608,0.855109,1.000000,4.000000
199,5.061844,-1.345420,4.105892,4.105892,6.681232,1.000000,4.000000
200,2.876843,-0.061976,4.105195,4.105195,2.016972,1.000000,4.000000
201,5.979862,-1.499287,4.104517,4.104517,9.259704,1.000000,4.000000
202,4.015371,2.263612,4.103859,4.103859,5.177358,1.000000,4.000000
203,0.528420,1.873258,4.103218,4.103218,0.923257,1.000000,4.000000
204,-0.845695,67.375413,4.102594,4.102594,1106.656199,1.000000,4.000000
205,-46.360505,-17.246852,4.101988,4.101988,596.479195,1.000000,4.000000
206,4.959155,0.394886,4.101398,4.101398,6.034323,1.000000,4.000000
207,-5.005544,-78.114334,4.100823,4.100823,1494.067009,1.000000,4.000000
208,3.055892,2.615344,4.100264,4.100264,3.945721,1.000000,4.000000
209,0.000000,0.000000,4.099720,4.099720,0.000000,1.000000,4.000000
210,-5.913947,34.611082,4.101663,4.101663,300.585846,1.000000,4.000000
211,2.100383,-3.836416,4.101073,4.101073,4.664558,1.000000,4.000000
212,0.000000,0.000000,4.100499,4.100499,0.000000,1.000000,4.000000
213,5.143462,-3.095721,4.102451,4.102451,8.784675,1.000000,4.000000
214,4.897351,0.883422,4.101830,4.101830,6.037421,1.000000,4.000000
215,-50.082364,3.942781,4.101227,4.101227,615.374009,1.000000,4.000000
216,15.851325,34.240112,4.100641,4.100641,347.177369,1.000000,4.000000
217,3.139073,-3.956202,4.100071,4.100071,6.220701,1.000000,4.000000
218,7.672227,-2.174344,4.099516,4.099516,15.511790,1.000000,4.000000
219,-25.880872,39.029038,4.098976,4.098976,535.032444,1.000000,4.000000
220,10.490898,72.048296,4.098452,4.098452,1293.419201,1.000000,4.000000
221,7.074980,-1.603257,4.097941,4.097941,12.842005,1.000000,4.000000
222,-45.321619,-74.179108,4.097444,4.097444,1844.220276,1.000000,4.000000
223,-53.144245,-58.385442,4.096960,4.096960,1521.413426,1.000000,4.000000
224,7.712078,-0.574846,4.096490,4.096490,14.599472,1.000000,4.000000
225,0.000000,0.000000,4.096032,4.096032,0.000000,1.000000,4.000000
226,7.304258,1.595570,4.097881,4.097881,13.640714,1.000000,4.000000
227,8.359244,-2.911305,4.097382,4.097382,19.122618,1.000000,4.000000
228,3.661813,-1.669983,4.096896,4.096896,3.953656,1.000000,4.000000
229,5.615800,-1.584641,4.096424,4.096424,8.311714,1.000000,4.000000
230,10.435740,-1.667908,4.095964,4.095964,27.267472,1.000000,4.000000
231,9.324146,-4.584691,4.095517,4.095517,26.360310,1.000000,4.000000
232,0.000000,0.000000,4.095081,4.095081,0.000000,1.000000,4.000000
233,0.000000,0.000000,4.096908,4.096908,0.000000,1.000000,4.000000
234,8.173836,-2.742153,4.098768,4.098768,18.134961,1.000000,4.000000
235,-3.856369,22.935161,4.098238,4.098238,131.981892,1.000000,4.000000
236,8.654550,-1.661964,4.097722,4.097722,18.952813,1.000000,4.000000
237,5.882185,-2.135654,4.097221,4.097221,9.557970,1.000000,4.000000
238,6.281504,-2.757694,4.096733,4.096733,11.487732,1.000000,4.000000
239,8.539476,-4.607837,4.096259,4.096259,22.985561,1.000000,4.000000
240,9.998595,-4.508832,4.095798,4.095798,29.371926,1.000000,4.000000
241,9.822635,0.311939,4.095349,4.095349,23.583207,1.000000,4.000000
242,5.621110,0.435895,4.094913,4.094913,7.762531,1.000000,4.000000
243,19.385129,43.620643,4.094488,4.094488,556.490511,1.000000,4.000000
244,0.000000,0.000000,4.094075,4.094075,0.000000,1.000000,4.000000
245,-4.982282,-33.863796,4.095876,4.095876,286.038866,1.000000,4.000000
246,7.298503,-2.532592,4.095425,4.095425,14.572891,1.000000,4.000000
247,9.369787,0.454196,4.094985,4.094985,21.489505,1.000000,4.000000
248,-7.895841,-31.664736,4.094558,4.094558,260.101305,1.000000,4.000000
249,0.904253,-17.089738,4.094142,4.094142,71.535580,1.000000,4.000000
250,-7.992240,-3.431790,4.093738,4.093738,18.480197,1.000000,4.000000
251,0.000000,0.000000,4.093344,4.093344,0.000000,1.000000,4.000000
252,7.880886,2.151878,4.095131,4.095131,16.297145,1.000000,4.000000
253,7.238809,-0.546855,4.094700,4.094700,12.870151,1.000000,4.000000
254,6.788803,1.948420,4.094280,4.094280,12.183873,1.000000,4.000000
255,0.000000,0.000000,4.093872,4.093872,0.000000,1.000000,4.000000
256,0.000000,0.000000,4.095668,4.095668,0.000000,1.000000,4.000000
257,6.298488,-0.298677,4.097498,4.097498,9.703521,1.000000,4.000000
258,5.529946,0.485131,4.096999,4.096999,7.521520,1.000000,4.000000
259,45.222868,-40.922851,4.096513,4.096513,908.037449,1.000000,4.000000
260,0.251591,-37.062613,4.096041,4.096041,335.372736,1.000000,4.000000
261,4.914246,3.207898,4.095582,4.095582,8.409166,1.000000,4.000000
262,-67.210680,-44.532888,4.095136,4.095136,1587.359689,1.000000,4.000000
263,0.000000,0.000000,4.094702,4.094702,0.000000,1.000000,4.000000
264,9.296301,2.776430,4.096512,4.096512,22.978034,1.000000,4.000000
265,9.420021,1.868603,4.096039,4.096039,22.516504,1.000000,4.000000
266,-18.275206,-41.265104,4.095579,4.095579,497.314810,1.000000,4.000000
267,7.143701,2.626013,4.095132,4.095132,14.145676,1.000000,4.000000
268,-6.564936,66.043171,4.094697,4.094697,1075.732592,1.000000,4.000000
269,8.505686,-1.096537,4.094274,4.094274,17.963889,1.000000,4.000000
270,9.925821,3.774706,4.093863,4.093863,27.546189,1.000000,4.000000
271,6.345971,1.994936,4.093463,4.093463,10.810190,1.000000,4.000000
272,52.179886,-57.467822,4.093075,4.093075,1472.069717,1.000000,4.000000
273,8.256746,0.117139,4.092697,4.092697,16.660795,1.000000,4.000000
274,4.683171,5.397044,4.092329,4.092329,12.477044,1.000000,4.000000
275,4.896209,3.937381,4.091972,4.091972,9.647142,1.000000,4.000000
276,0.000000,0.000000,4.091624,4.091624,0.000000,1.000000,4.000000
277,4.022802,1.749148,4.093377,4.093377,4.700875,1.000000,4.000000
278,5.247851,3.030657,4.092993,4.092993,8.972610,1.000000,4.000000
279,0.000000,0.000000,4.092620,4.092620,0.000000,1.000000,4.000000
280,6.815495,5.853020,4.094392,4.094392,19.712036,1.000000,4.000000
281,7.082979,0.645631,4.093981,4.093981,12.356049,1.000000,4.000000
282,6.410898,4.668183,4.093581,4.093581,15.363455,1.000000,4.000000
283,4.220729,2.639117,4.093192,4.093192,6.053829,1.000000,4.000000
284,-68.056981,-78.593661,4.092814,4.092814,2640.900727,1.000000,4.000000
285,5.292802,4.038814,4.092447,4.092447,10.831119,1.000000,4.000000
286,-6.407825,56.291431,4.092089,4.092089,784.387987,1.000000,4.000000
287,9.117675,3.634611,4.091741,4.091741,23.545573,1.000000,4.000000
288,9.569073,3.942056,4.091403,4.091403,26.178541,1.000000,4.000000
289,6.705596,3.249724,4.091074,4.091074,13.572407,1.000000,4.000000
290,5.554123,3.645855,4.090754,4.090754,10.790318,1.000000,4.000000
291,0.000000,0.000000,4.090443,4.090443,0.000000,1.000000,4.000000
292,5.291601,5.135571,4.092179,4.092179,13.287575,1.000000,4.000000
293,0.000000,0.000000,4.091831,4.091831,0.000000,1.000000,4.000000
294,7.486131,-0.503528,4.093594,4.093594,13.752144,1.000000,4.000000
295,7.110931,2.713824,4.093210,4.093210,14.152750,1.000000,4.000000
296,7.522017,1.960853,4.092836,4.092836,14.763770,1.000000,4.000000
297,7.496179,0.011807,4.092472,4.092472,13.730779,1.000000,4.000000
298,6.435715,-2.443467,4.092119,4.092119,11.580544,1.000000,4.000000
299,-26.810286,-77.623183,4.091775,4.091775,1648.221323,1.000000,4.000000
300,6.798106,4.113596,4.091440,4.091440,15.431224,1.000000,4.000000
301,5.540450,4.497588,4.091114,4.091114,12.447682,1.000000,4.000000
302,8.387779,3.581489,4.090797,4.090797,20.333907,1.000000,4.000000
303,3.856915,3.008465,4.090489,4.090489,5.849339,1.000000,4.000000
304,3.080679,4.352972,4.090190,4.090190,6.952966,1.000000,4.000000
305,57.262752,15.491676,4.089898,4.089898,860.416239,1.000000,4.000000
306,5.529153,8.354066,4.089615,4.089615,24.540687,1.000000,4.000000
307,-29.950740,-70.969142,4.089339,4.089339,1451.008585,1.000000,4.000000
308,0.000000,0.000000,4.089071,4.089071,0.000000,1.000000,4.000000
309,5.074332,5.378930,4.090788,4.090788,13.367044,1.000000,4.000000
310,1.636106,3.769342,4.090484,4.090484,4.127819,1.000000,4.000000
311,23.483741,-1.745004,4.090189,4.090189,135.575918,1.000000,4.000000
312,0.000000,0.000000,4.089902,4.089902,0.000000,1.000000,4.000000
313,-6.218333,58.422661,4.091636,4.091636,843.641668,1.000000,4.000000
314,3.282055,6.021664,4.091313,4.091313,11.495654,1.000000,4.000000
315,6.564470,4.318316,4.090998,4.090998,15.091703,1.000000,4.000000
316,5.966126,3.783756,4.090692,4.090692,12.201231,1.000000,4.000000
317,6.547722,5.715010,4.090394,4.090394,18.466194,1.000000,4.000000
318,-0.051815,3.141090,4.090103,4.090103,2.412930,1.000000,4.000000
319,5.161341,1.952926,4.089821,4.089821,7.446136,1.000000,4.000000
320,2.558880,4.470981,4.089546,4.089546,6.489115,1.000000,4.000000
321,3.291900,-47.234752,4.089279,4.089279,548.252756,1.000000,4.000000
322,0.000000,0.000000,4.089019,4.089019,0.000000,1.000000,4.000000
323,0.000000,0.000000,4.090741,4.090741,0.000000,1.000000,4.000000
324,3.708814,7.176810,4.092496,4.092496,15.946722,1.000000,4.000000
325,5.971772,5.878213,4.092155,4.092155,17.158549,1.000000,4.000000
326,5.093455,4.842518,4.091823,4.091823,12.071211,1.000000,4.000000
327,2.903480,6.991710,4.091499,4.091499,14.008118,1.000000,4.000000
328,6.125691,2.571308,4.091184,4.091184,10.788008,1.000000,4.000000
329,4.437015,5.990671,4.090877,4.090877,13.585166,1.000000,4.000000
330,3.202449,6.466086,4.090578,4.090578,12.728263,1.000000,4.000000
331,0.000000,0.000000,4.090287,4.090287,0.000000,1.000000,4.000000
332,-43.576630,-56.209746,4.092036,4.092036,1236.171602,1.000000,4.000000
333,8.150392,2.845790,4.091708,4.091708,18.214257,1.000000,4.000000
334,2.744852,6.199469,4.091388,4.091388,11.235216,1.000000,4.000000
335,0.000000,0.000000,4.091077,4.091077,0.000000,1.000000,4.000000
336,7.175926,7.526224,4.092841,4.092841,26.421246,1.000000,4.000000
337,4.435308,4.235702,4.092492,4.092492,9.190762,1.000000,4.000000
338,62.170270,33.031560,4.092153,4.092153,1211.153867,1.000000,4.000000
339,5.782275,0.909959,4.091822,4.091822,8.373465,1.000000,4.000000
340,0.000000,0.000000,4.091499,4.091499,0.000000,1.000000,4.000000
341,1.113113,4.262879,4.093271,4.093271,4.742212,1.000000,4.000000
342,2.792939,0.641350,4.092911,4.092911,2.006356,1.000000,4.000000
343,0.000000,0.000000,4.092560,4.092560,0.000000,1.000000,4.000000
344,1.238249,1.595867,4.094352,4.094352,0.996508,1.000000,4.000000
345,0.000000,0.000000,4.093961,4.093961,0.000000,1.000000,4.000000
346,68.282803,20.299647,4.095780,4.095780,1238.986819,1.000000,4.000000
347,44.511538,-6.375641,4.095349,4.095349,493.712702,1.000000,4.000000
348,-31.323931,46.772461,4.094930,4.094930,773.847641,1.000000,4.000000
349,36.586800,-18.121939,4.094522,4.094522,407.129017,1.000000,4.000000
350,1.723347,-1.224058,4.094125,4.094125,1.091379,1.000000,4.000000
351,-55.989538,25.205465,4.093738,4.093738,920.953947,1.000000,4.000000
352,0.000000,0.000000,4.093361,4.093361,0.000000,1.000000,4.000000
353,-0.046103,0.728627,4.095165,4.095165,0.130159,1.000000,4.000000
354,46.973195,-45.626747,4.094748,4.094748,1047.263626,1.000000,4.000000
355,61.581152,78.881002,4.094343,4.094343,2445.923597,1.000000,4.000000
356,8.020940,10.679219,4.093949,4.093949,43.571917,1.000000,4.000000
357,-2.580158,2.122572,4.093565,4.093565,2.726848,1.000000,4.000000
358,-1.290415,-2.091336,4.093191,4.093191,1.475342,1.000000,4.000000
359,0.000000,0.000000,4.092827,4.092827,0.000000,1.000000,4.000000
360,-1.031760,4.060031,4.094618,4.094618,4.285718,1.000000,4.000000
361,57.727958,2.402793,4.094215,4.094215,815.367564,1.000000,4.000000
362,-5.922825,4.184044,4.093823,4.093823,12.845225,1.000000,4.000000
363,-3.297661,0.247296,4.093441,4.093441,2.671524,1.000000,4.000000
364,-2.320147,3.144730,4.093070,4.093070,3.731285,1.000000,4.000000
365,-3.440773,0.146176,4.092708,4.092708,2.897908,1.000000,4.000000
366,-4.035048,-0.958680,4.092355,4.092355,4.203125,1.000000,4.000000
367,21.263427,-26.824158,4.092013,4.092013,286.330698,1.000000,4.000000
368,-1.244212,2.731498,4.091679,4.091679,2.201821,1.000000,4.000000
369,-5.504824,2.090365,4.091354,4.091354,8.474631,1.000000,4.000000
370,-3.552382,4.435071,4.091037,4.091037,7.892685,1.000000,4.000000
371,-3.483268,3.288421,4.090730,4.090730,5.609481,1.000000,4.000000
372,-1.420968,-0.208636,4.090430,4.090430,0.504270,1.000000,4.000000
373,-2.112592,3.649563,4.090138,4.090138,4.347618,1.000000,4.000000
374,-4.765406,2.860410,4.089854,4.089854,7.553090,1.000000,4.000000
375,-4.783135,2.499552,4.089578,4.089578,7.122041,1.000000,4.000000
376,-1.946639,-1.429554,4.089309,4.089309,1.426410,1.000000,4.000000
377,-0.469323,3.069553,4.089047,4.089047,2.358109,1.000000,4.000000
378,0.234661,1.681079,4.088793,4.088793,0.704631,1.000000,4.000000
379,-0.531169,-1.226122,4.088545,4.088545,0.436712,1.000000,4.000000
380,0.000000,0.000000,4.088304,4.088304,0.000000,1.000000,4.000000
381,-73.244535,32.006347,4.090013,4.090013,1562.138675,1.000000,4.000000
382,21.464174,34.577919,4.089737,4.089737,404.999940,1.000000,4.000000
383,-4.158873,-0.435742,4.089468,4.089468,4.275886,1.000000,4.000000
384,-6.412842,-1.013000,4.089206,4.089206,10.307797,1.000000,4.000000
385,-22.202078,-53.572236,4.088951,4.088951,822.439941,1.000000,4.000000
386,-1.121652,2.682098,4.088703,4.088703,2.067100,1.000000,4.000000
387,-75.575887,4.174673,4.088461,4.088461,1401.295474,1.000000,4.000000
388,-2.570189,1.159431,4.088226,4.088226,1.944645,1.000000,4.000000
389,0.000000,0.000000,4.087998,4.087998,0.000000,1.000000,4.000000
390,-57.477306,-13.614850,4.089706,4.089706,853.118787,1.000000,4.000000
391,1.316609,0.822652,4.089442,4.089442,0.589375,1.000000,4.000000
392,1.847500,-0.610894,4.089184,4.089184,0.925967,1.000000,4.000000
393,1.382391,-1.209114,4.088934,4.088934,0.824900,1.000000,4.000000
394,-74.101778,73.984704,4.088690,4.088690,2681.741545,1.000000,4.000000
395,0.000000,0.000000,4.088453,4.088453,0.000000,1.000000,4.000000
396,3.947325,-2.093541,4.090172,4.090172,4.881040,1.000000,4.000000
397,3.658230,-0.389941,4.089898,4.089898,3.309300,1.000000,4.000000
398,2.872459,-2.082145,4.089632,4.089632,3.077624,1.000000,4.000000
399,4.070738,0.954734,4.089372,4.089372,4.275086,1.000000,4.000000
400,0.000000,0.000000,4.089120,4.089120,0.000000,1.000000,4.000000
401,2.921056,1.445149,4.090853,4.090853,2.596285,1.000000,4.000000
402,-24.621582,13.551683,4.090564,4.090564,193.095743,1.000000,4.000000
403,27.821183,-24.122491,4.090281,4.090281,331.496211,1.000000,4.000000
404,6.167103,-1.241323,4.090006,4.090006,9.675789,1.000000,4.000000
405,10.057909,51.272031,4.089739,4.089739,667.520099,1.000000,4.000000
406,1.620490,-2.230308,4.089478,4.089478,1.858492,1.000000,4.000000
407,52.455931,-42.112706,4.089223,4.089223,1106.592747,1.000000,4.000000
408,6.345539,74.241568,4.088975,4.088975,1357.816006,1.000000,4.000000
409,-34.455187,-35.834938,4.088734,4.088734,604.417567,1.000000,4.000000
410,2.271826,-1.472501,4.088499,4.088499,1.792700,1.000000,4.000000
411,11.849557,49.615780,4.088270,4.088270,636.488709,1.000000,4.000000
412,-2.113114,-4.974872,4.088047,4.088047,7.146347,1.000000,4.000000
413,0.875129,-2.947484,4.087830,4.087830,2.312599,1.000000,4.000000
414,1.353555,-2.602164,4.087618,4.087618,2.104738,1.000000,4.000000
415,0.755406,-2.351525,4.087412,4.087412,1.492462,1.000000,4.000000
416,0.221232,-3.391508,4.087212,4.087212,2.826198,1.000000,4.000000
417,-46.774465,33.923703,4.087016,4.087016,816.896200,1.000000,4.000000
418,5.741883,0.476090,4.086826,4.086826,8.122655,1.000000,4.000000
419,1.289662,-2.599767,4.086641,4.086641,2.060865,1.000000,4.000000
420,16.607882,-29.247509,4.086461,4.086461,276.825931,1.000000,4.000000
421,1.511864,-3.477385,4.086286,4.086286,3.518584,1.000000,4.000000
422,-0.272003,-1.180484,4.086116,4.086116,0.359150,1.000000,4.000000
423,3.056491,-0.321628,4.085950,4.085950,2.311723,1.000000,4.000000
424,55.598651,60.890193,4.085789,4.085789,1664.017991,1.000000,4.000000
425,69.891034,-35.438434,4.085632,4.085632,1502.984080,1.000000,4.000000
426,0.000000,0.000000,4.085479,4.085479,0.000000,1.000000,4.000000
427,-0.565328,-6.307801,4.087154,4.087154,9.813173,1.000000,4.000000
428,-2.573513,-4.721744,4.086967,4.086967,7.075623,1.000000,4.000000
429,-0.946755,-1.048386,4.086785,4.086785,0.488271,1.000000,4.000000
430,0.808580,-4.786694,4.086608,4.086608,5.766700,1.000000,4.000000
431,-1.120604,-4.244183,4.086435,4.086435,4.715319,1.000000,4.000000
432,-71.711953,1.145275,4.086267,4.086267,1258.830135,1.000000,4.000000
433,0.885523,-1.107502,4.086103,4.086103,0.492086,1.000000,4.000000
434,2.316372,-2.753010,4.085944,4.085944,3.168092,1.000000,4.000000
435,1.708920,-4.737943,4.085788,4.085788,6.208964,1.000000,4.000000
436,2.811423,-2.892032,4.085637,4.085637,3.981740,1.000000,4.000000
437,-17.352298,24.475504,4.085490,4.085490,220.329159,1.000000,4.000000
438,2.252224,-1.479428,4.085347,4.085347,1.777382,1.000000,4.000000
439,21.926171,-30.102901,4.085207,4.085207,339.503368,1.000000,4.000000
440,0.547945,-0.534172,4.085071,4.085071,0.143347,1.000000,4.000000
441,-0.845564,-4.619473,4.084939,4.084939,5.398981,1.000000,4.000000
442,-2.042979,-4.465344,4.084811,4.084811,5.903103,1.000000,4.000000
443,1.511550,-5.925370,4.084686,4.084686,9.154876,1.000000,4.000000
444,-3.783963,-5.089195,4.084565,4.084565,9.846405,1.000000,4.000000
445,2.634245,-5.200875,4.084446,4.084446,8.321409,1.000000,4.000000
446,0.000000,0.000000,4.084331,4.084331,0.000000,1.000000,4.000000
447,0.000000,0.000000,4.085995,4.085995,0.000000,1.000000,4.000000
448,-37.869509,-58.492145,4.087692,4.087692,1187.817195,1.000000,4.000000
449,3.669061,-0.710475,4.087504,4.087504,3.416948,1.000000,4.000000
450,-58.680047,-61.263399,4.087320,4.087320,1760.701862,1.000000,4.000000
451,-1.422908,1.050914,4.087141,4.087141,0.765594,1.000000,4.000000
452,-0.240499,-3.885298,4.086966,4.086966,3.707734,1.000000,4.000000
453,1.686828,0.959749,4.086795,4.086795,0.921629,1.000000,4.000000
454,3.045861,-1.978970,4.086628,4.086628,3.228478,1.000000,4.000000
455,-30.908970,59.024191,4.086466,4.086466,1086.322488,1.000000,4.000000
456,5.687529,0.055249,4.086307,4.086307,7.916937,1.000000,4.000000
457,1.516051,-1.141121,4.086152,4.086152,0.881163,1.000000,4.000000
458,0.000000,0.000000,4.086001,4.086001,0.000000,1.000000,4.000000
459,-34.539253,-65.515947,4.087699,4.087699,1341.903799,1.000000,4.000000
460,-0.076243,-4.232423,4.087513,4.087513,4.383892,1.000000,4.000000
461,3.928811,-0.024494,4.087330,4.087330,3.776587,1.000000,4.000000
462,2.516943,2.018994,4.087152,4.087152,2.547333,1.000000,4.000000
463,1.713873,-0.836916,4.086978,4.086978,0.890092,1.000000,4.000000
464,0.000000,0.000000,4.086808,4.086808,0.000000,1.000000,4.000000
465,2.035959,0.345003,4.088522,4.088522,1.042958,1.000000,4.000000
466,4.601206,0.602056,4.088316,4.088316,5.267100,1.000000,4.000000
467,-0.364906,-3.277751,4.088114,4.088114,2.660593,1.000000,4.000000
468,3.131555,1.057682,4.087917,4.087917,2.672590,1.000000,4.000000
469,3.499763,-0.155271,4.087724,4.087724,3.002269,1.000000,4.000000
470,1.503749,0.273813,4.087536,4.087536,0.571551,1.000000,4.000000
471,3.206737,-2.155485,4.087352,4.087352,3.652555,1.000000,4.000000
472,5.917922,1.234485,4.087173,4.087173,8.941575,1.000000,4.000000
473,0.000000,0.000000,4.086997,4.086997,0.000000,1.000000,4.000000
474,1.862206,0.592678,4.088715,4.088715,0.934053,1.000000,4.000000
475,0.000000,0.000000,4.088502,4.088502,0.000000,1.000000,4.000000
476,-57.766058,-11.306610,4.090249,4.090249,847.077357,1.000000,4.000000
477,0.000000,0.000000,4.089998,4.089998,0.000000,1.000000,4.000000
478,1.346655,-0.186082,4.091772,4.091772,0.451664,1.000000,4.000000
479,0.629532,1.830838,4.091482,4.091482,0.916118,1.000000,4.000000
480,0.000000,0.000000,4.091198,4.091198,0.000000,1.000000,4.000000
481,3.989426,15.384665,4.092994,4.092994,61.716053,1.000000,4.000000
482,4.190845,1.859696,4.092670,4.092670,5.136416,1.000000,4.000000
483,10.998712,65.319470,4.092353,4.092353,1072.147305,1.000000,4.000000
484,0.000000,0.000000,4.092043,4.092043,0.000000,1.000000,4.000000
485,-0.084863,-6.016297,4.093852,4.093852,8.843270,1.000000,4.000000
486,4.226241,-1.577682,4.093501,4.093501,4.971343,1.000000,4.000000
487,5.154467,0.875551,4.093158,4.093158,6.678247,1.000000,4.000000
488,0.065498,-1.957935,4.092824,4.092824,0.937690,1.000000,4.000000
489,5.621037,-1.901107,4.092497,4.092497,8.603614,1.000000,4.000000
490,-68.910118,68.080132,4.092178,4.092178,2293.035157,1.000000,4.000000
491,5.220754,-4.482131,4.091867,4.091867,11.570701,1.000000,4.000000
492,1.150809,-4.928199,4.091563,4.091563,6.259591,1.000000,4.000000
493,7.331070,-3.044292,4.091267,4.091267,15.401662,1.000000,4.000000
494,6.049719,-0.452755,4.090977,4.090977,8.996405,1.000000,4.000000
495,0.000000,0.000000,4.090694,4.090694,0.000000,1.000000,4.000000
496,6.472443,-4.128298,4.092469,4.092469,14.400931,1.000000,4.000000
497,25.401695,39.936300,4.092146,4.092146,547.427664,1.000000,4.000000
498,6.303192,-5.039160,4.091832,4.091832,15.915452,1.000000,4.000000
499,4.679924,-0.209389,4.091525,4.091525,5.363656,1.000000,4.000000
500,-0.284587,-5.628808,4.091226,4.091226,7.764048,1.000000,4.000000
501,3.770011,-4.035717,4.090934,4.090934,7.455509,1.000000,4.000000
502,3.324578,0.739231,4.090649,4.090649,2.835560,1.000000,4.000000
503,2.539198,-0.975201,4.090371,4.090371,1.808771,1.000000,4.000000
504,4.113549,-0.912764,4.090099,4.090099,4.340828,1.000000,4.000000
505,1.994984,-0.916048,4.089835,4.089835,1.178313,1.000000,4.000000
506,0.000000,0.000000,4.089576,4.089576,0.000000,1.000000,4.000000
507,0.581005,-5.204832,4.091325,4.091325,6.703904,1.000000,4.000000
508,-82.226531,-52.982114,4.091028,4.091028,2338.851373,1.000000,4.000000
509,71.160004,-82.195534,4.090739,4.090739,2889.417255,1.000000,4.000000
510,4.243985,0.741936,4.090457,4.090457,4.537850,1.000000,4.000000
511,3.257390,-1.734671,4.090182,4.090182,3.329846,1.000000,4.000000
512,2.219290,-1.489500,4.089913,4.089913,1.746701,1.000000,4.000000
513,10.263167,0.115586,4.089652,4.089652,25.759150,1.000000,4.000000
514,5.077849,0.332087,4.089396,4.089396,6.332190,1.000000,4.000000
515,4.074629,-1.375017,4.089147,4.089147,4.522525,1.000000,4.000000
516,1.033444,1.666738,4.088904,4.088904,0.940599,1.000000,4.000000
517,6.378465,-1.588804,4.088667,4.088667,10.568018,1.000000,4.000000
518,5.046403,-4.152552,4.088436,4.088436,10.446504,1.000000,4.000000
519,2.528265,-1.887212,4.088211,4.088211,2.434731,1.000000,4.000000
520,-24.141750,66.057274,4.087992,4.087992,1209.979862,1.000000,4.000000
521,4.039114,-0.215158,4.087778,4.087778,4.002354,1.000000,4.000000
522,-52.349620,-49.602345,4.087569,4.087569,1272.363948,1.000000,4.000000
523,5.437821,0.494290,4.087366,4.087366,7.294238,1.000000,4.000000
524,5.618656,-3.564126,4.087167,4.087167,10.832023,1.000000,4.000000
525,7.507840,1.768716,4.086974,4.086974,14.557474,1.000000,4.000000
526,5.889900,-0.642744,4.086786,4.086786,8.589644,1.000000,4.000000
527,-25.018090,-13.779336,4.086603,4.086603,199.621780,1.000000,4.000000
528,0.000000,0.000000,4.086424,4.086424,0.000000,1.000000,4.000000
529,9.045038,-18.598024,4.088114,4.088114,104.620182,1.000000,4.000000
530,4.770724,-3.114624,4.087900,4.087900,7.940676,1.000000,4.000000
531,-17.381247,-6.764610,4.087692,4.087692,85.101258,1.000000,4.000000
532,0.058695,26.456899,4.087488,4.087488,171.247204,1.000000,4.000000
533,5.132688,-2.510765,4.087290,4.087290,7.987791,1.000000,4.000000
534,3.239053,-1.607175,4.087097,4.087097,3.198964,1.000000,4.000000
535,3.203960,-4.358742,4.086909,4.086909,7.160422,1.000000,4.000000
536,6.246401,-1.926771,4.086726,4.086726,10.455796,1.000000,4.000000
537,3.814071,-2.472608,4.086547,4.086547,5.055840,1.000000,4.000000
538,1.029057,0.185234,4.086373,4.086373,0.267540,1.000000,4.000000
539,4.591232,-2.123040,4.086203,4.086203,6.261734,1.000000,4.000000
540,4.806077,2.234212,4.086038,4.086038,6.874650,1.000000,4.000000
541,3.507783,4.965533,4.085877,4.085877,9.046055,1.000000,4.000000
542,7.184154,-0.582125,4.085720,4.085720,12.715247,1.000000,4.000000
543,2.705992,0.878041,4.085567,4.085567,1.980961,1.000000,4.000000
544,6.141917,1.830563,4.085418,4.085418,10.053832,1.000000,4.000000
545,1.854741,-3.281776,4.085273,4.085273,3.478376,1.000000,4.000000
546,4.899282,-1.362378,4.085132,4.085132,6.330036,1.000000,4.000000
547,3.813700,-1.651157,4.084995,4.084995,4.227820,1.000000,4.000000
548,3.610720,-3.077199,4.084862,4.084862,5.509721,1.000000,4.000000
549,6.889777,3.227112,4.084732,4.084732,14.170644,1.000000,4.000000
550,0.000000,0.000000,4.084605,4.084605,0.000000,1.000000,4.000000
551,4.004856,1.582444,4.086269,4.086269,4.537881,1.000000,4.000000
552,3.583871,1.751135,4.086109,4.086109,3.893827,1.000000,4.000000
553,29.883422,-31.990506,4.085952,4.085952,469.024418,1.000000,4.000000
554,1.291044,-0.261647,4.085800,4.085800,0.424703,1.000000,4.000000
555,6.771438,2.489228,4.085651,4.085651,12.739372,1.000000,4.000000
556,4.869882,1.923699,4.085507,4.085507,6.710641,1.000000,4.000000
557,0.005479,0.387977,4.085365,4.085365,0.036853,1.000000,4.000000
558,44.522105,44.342264,4.085228,4.085228,966.519907,1.000000,4.000000
559,-82.025124,-41.606850,4.085094,4.085094,2070.760394,1.000000,4.000000
560,31.255247,-27.222461,4.084964,4.084964,420.555252,1.000000,4.000000
561,1.870870,0.383860,4.084836,4.084836,0.892938,1.000000,4.000000
562,-77.998650,-44.350275,4.084713,4.084713,1970.943096,1.000000,4.000000
563,0.000000,0.000000,4.084592,4.084592,0.000000,1.000000,4.000000
564,5.247113,2.224318,4.086261,4.086261,7.948535,1.000000,4.000000
565,4.961296,2.876838,4.086106,4.086106,8.049389,1.000000,4.000000
566,3.902416,1.074366,4.085955,4.085955,4.009616,1.000000,4.000000
567,4.130622,-1.569370,4.085808,4.085808,4.778727,1.000000,4.000000
568,2.722997,-0.704342,4.085664,4.085664,1.936237,1.000000,4.000000
569,6.703781,5.284179,4.085524,4.085524,17.834490,1.000000,4.000000
570,0.000000,0.000000,4.085387,4.085387,0.000000,1.000000,4.000000
571,4.748624,3.162225,4.087073,4.087073,7.963914,1.000000,4.000000
572,2.247936,6.641430,4.086901,4.086901,12.029119,1.000000,4.000000
573,2.737090,5.078064,4.086733,4.086733,8.143033,1.000000,4.000000
574,3.055908,-0.425479,4.086569,4.086569,2.329487,1.000000,4.000000
575,0.790830,2.107584,4.086408,4.086408,1.240043,1.000000,4.000000
576,5.879482,2.432544,4.086252,4.086252,9.907754,1.000000,4.000000
577,4.733849,1.928747,4.086099,4.086099,6.394702,1.000000,4.000000
578,1.430888,3.482156,4.085950,4.085950,3.468680,1.000000,4.000000
579,0.000000,0.000000,4.085804,4.085804,0.000000,1.000000,4.000000
580,20.979610,23.951931,4.087500,4.087500,248.034036,1.000000,4.000000
581,3.379518,1.156524,4.087318,4.087318,3.121530,1.000000,4.000000
582,0.676494,2.624199,4.087141,4.087141,1.796870,1.000000,4.000000
583,4.149089,0.774021,4.086968,4.086968,4.358744,1.000000,4.000000
584,-0.320683,-1.189406,4.086799,4.086799,0.371324,1.000000,4.000000
585,-0.947487,-3.291837,4.086633,4.086633,2.871293,1.000000,4.000000
586,3.792094,1.817160,4.086472,4.086472,4.326972,1.000000,4.000000
587,-9.703807,-36.106289,4.086314,4.086314,342.075489,1.000000,4.000000
588,-87.268533,-48.333321,4.086161,4.086161,2435.515380,1.000000,4.000000
589,6.417423,4.702425,4.086010,4.086010,15.490936,1.000000,4.000000
590,5.474810,3.852955,4.085864,4.085864,10.969238,1.000000,4.000000
591,-57.367463,43.223323,4.085720,4.085720,1262.759325,1.000000,4.000000
592,5.134710,3.777495,4.085581,4.085581,9.945885,1.000000,4.000000
593,6.402792,0.294281,4.085444,4.085444,10.055784,1.000000,4.000000
594,6.726303,2.022794,4.085311,4.085311,12.076156,1.000000,4.000000
595,-9.360247,-62.097917,4.085181,4.085181,965.383260,1.000000,4.000000
596,4.604958,3.370680,4.085054,4.085054,7.972263,1.000000,4.000000
597,3.340740,5.452772,4.084931,4.084931,10.010760,1.000000,4.000000
598,3.031588,4.557763,4.084810,4.084810,7.335404,1.000000,4.000000
599,4.722912,5.036307,4.084693,4.084693,11.670471,1.000000,4.000000
